{
    "PREPAID BUSINESS": 25,
    "BASICO": 15,
    "ALIMENTACAO": 20,
    "PREPAID": 25,
    "TRADITIONAL": 20,
    "PREPAID RELOADABLE": 20,
    "PREPAID CORPORATE": 20,
    "PREPAID AWARDS": 22,
    "PREPAID DEBIT GOVERNMENT": 22,
    "ELECTRON": 24,
    "ELECTRONIC": 20,
    "PURCHASING": 22,
    "CLASSIC": 20,
    "STANDARD": 20,
    "GOLD": 40,
    "NANJING": 20,
    "NANQUIM": 30,
    "TITANIUM": 30,
    "INDEFINIDO": 16,
    "PERSONAL": 32,
    "EXECUTIVE": 25,
    "DISCOVER": 20,
    "GRAFITE": 35,
    "GRAPHITE": 35,
    "PLATINUM": 35,
    "CORPORATE": 25,
    "CORPORATE T&E": 25,
    "BUSINESS": 25,
    "BLACK": 50,
    "INFINITE": 70,
    "AMERICAN EXPRESS": 60,
    "AMEX": 60
}